paper_id,ncbi_id,virusname,virustype,lifestyle,InClusterSet,family,genus
NC_000866,NC_000866,Enterobacteria phage T4,dsDNA,virulent,1,Myoviridae,T4-like viruses
NC_000867,NC_000867,Pseudoalteromonas phage PM2,dsDNA,unknown,0,Corticoviridae,Corticovirus
NC_000871,NC_000871,Streptococcus phage Sfi19,dsDNA,virulent,1,Siphoviridae,Unknown
NC_000872,NC_000872,Streptococcus phage Sfi21,dsDNA,temperate,1,Siphoviridae,Unknown
NC_000896,NC_000896,Lactobacillus prophage phiadh,dsDNA,temperate,1,Siphoviridae,Unknown
NC_000902,NC_000902,Enterobacteria phage VT2-Sakai,dsDNA,temperate,1,Podoviridae,Unknown
NC_000924,NC_000924,Enterobacteria phage 933W,dsDNA,temperate,1,Podoviridae,Unknown
NC_000929,NC_000929,Enterobacteria phage Mu,dsDNA,temperate,1,Myoviridae,Mu-like viruses
NC_000935,NC_000935,Acyrthosiphon pisum bacteriophage APSE-1,dsDNA,virulent,1,Podoviridae,Unknown
NC_001270,NC_001270,Spiroplasma phage SVTS2,ssDNA,unknown,1,Inoviridae,Plectrovirus
NC_001271,NC_001271,Yersinia phage phiYeO3-12,dsDNA,virulent,1,Podoviridae,T7-like viruses
NC_001317,B1U32222,Bacteriophage 186,dsDNA,temperate,1,Myoviridae,P2-like viruses
NC_001330,NC_001330,Enterobacteria phage alpha3,ssDNA,unknown,1,Microviridae,Microvirus
NC_001331,NC_001331,Pseudomonas phage Pf1,ssDNA,unknown,1,Inoviridae,Inovirus
NC_001332,NC_001332,Enterobacteria phage I2-2,ssDNA,unknown,1,Inoviridae,Inovirus
NC_001333,X15031,Bacteriophage fr RNA genome.,ssRNA,unknown,1,Leviviridae,Levivirus
NC_001335,NC_001335,Mycobacterium phage L5,dsDNA,temperate,1,Siphoviridae,L5-like viruses
NC_001338,NC_001338,Sulfolobus virus 1,dsDNA,temperate,1,Fuselloviridae,Fusellovirus
NC_001341,NC_001341,Acholeplasma phage MV-L1,ssDNA,unknown,0,Inoviridae,Plectrovirus
NC_001365,NC_001365,Spiroplasma phage 1-R8A2B,ssDNA,unknown,1,Inoviridae,Plectrovirus
NC_001396,NC_001396,Xanthomonas phage Cf1c,ssDNA,unknown,1,Inoviridae,Inovirus
NC_001416,NC_001416,Enterobacteria phage lambda,dsDNA,temperate,1,Siphoviridae,Lambda-like viruses
NC_001417,NC_001417,Enterobacterio phage MS2,ssRNA,unknown,1,Leviviridae,Levivirus
NC_001418,NC_001418,Pseudomonas phage Pf3,ssDNA,unknown,0,Inoviridae,Inovirus
NC_001420,NC_001420,Enterobacteria phage G4,ssDNA,unknown,1,Microviridae,Microvirus
NC_001421,NC_001421,Enterobacteria phage PRD1,dsDNA,virulent,1,Tectiviridae,Tectivirus
NC_001422,NC_001422,Enterobacteria phage phiX174,ssDNA,unknown,1,Microviridae,Microvirus
NC_001423,PZACG,Bacteriophage PZA (from B.subtilis),dsDNA,virulent,1,Podoviridae,Phi29-like viruses
NC_001424,AF274751,Bacteriophage S13,ssDNA,unknown,1,Microviridae,Microvirus
NC_001426,NC_001426,Enterobacteria phage GA,ssRNA,unknown,1,Leviviridae,Levivirus
NC_001447,NC_001447,Acholeplasma phage L2,dsDNA,unknown,0,Plasmaviridae,Plasmavirus
NC_001604,NC_001604,Enterobacteria phage T7,dsDNA,virulent,1,Podoviridae,T7-like viruses
NC_001609,NC_001609,Enterobacteria phage P4,dsDNA,unknown,0,Myoviridae,P2-like viruses
NC_001628,NC_001628,Pseudomonas phage PP7,ssRNA,unknown,1,Leviviridae,Levivirus
NC_001697,NC_001697,Haemophilus phage HP1,dsDNA,temperate,1,Myoviridae,Hp1likevirus
NC_001706,NC_001706,Lactococcus phage c2,dsDNA,virulent,1,Siphoviridae,c2-like viruses
NC_001730,X60323,Bacteriophage phiK complete genome.,ssDNA,unknown,1,Microviridae,Microvirus
NC_001741,NC_001741,Chlamydia phage Chp1,ssDNA,unknown,1,Microviridae,Chlamydiamicrovirus
NC_001825,NC_001825,Streptococcus phage Cp-1,dsDNA,virulent,1,Podoviridae,Unknown
NC_001835,NC_001835,Lactococcus phage sk1,dsDNA,virulent,1,Siphoviridae,Unknown
NC_001884,NC_001884,Bacillus phage SPBc2,dsDNA,temperate,1,Siphoviridae,SPbeta-like viruses
NC_001890,NC_001890,Enterobacteria phage Qbeta,ssRNA,unknown,1,Leviviridae,Allolevivirus
NC_001895,NC_001895,Enterobacteria phage P2,dsDNA,temperate,1,Myoviridae,P2-like viruses
NC_001900,NC_001900,Mycobacterium phage D29,dsDNA,virulent,1,Siphoviridae,L5-like viruses
NC_001901,NC_001901,Enterobacteria phage N15,dsDNA,temperate,1,Siphoviridae,N15-like viruses
NC_001902,NC_001902,Methanobacterium phage psiM2,dsDNA,virulent,1,Siphoviridae,Unknown
NC_001909,AF009630,Bacteriophage bIL170,dsDNA,virulent,1,Siphoviridae,Unknown
NC_001942,NC_001942,Mycoplasma phage MAV1,dsDNA,temperate,1,Unknown,Unknown
NC_001954,NC_001954,Enterobacteria phage If1,ssDNA,unknown,1,Inoviridae,Inovirus
NC_001956,NC_001956,Vibrio phage fs2,ssDNA,unknown,1,Inoviridae,Inovirus
NC_001978,NC_001978,Streptomyces phage phiC31,dsDNA,temperate,1,Siphoviridae,PhiC31-like viruses
NC_001998,NC_001998,Chlamydia phage PhiCPG1,ssDNA,unknown,1,Microviridae,Chlamydiamicrovirus
NC_002014,NC_002014,Enterobacteria phage Ike,ssDNA,unknown,1,Inoviridae,Inovirus
NC_002072,NC_002072,Streptococcus phage DT1,dsDNA,virulent,1,Siphoviridae,Unknown
NC_002166,NC_002166,Enterobacteria phage HK022,dsDNA,temperate,1,Siphoviridae,Lambda-like viruses
NC_002167,NC_002167,Enterobacteria phage HK97,dsDNA,temperate,1,Siphoviridae,Lambda-like viruses
NC_002180,NC_002180,Chlamydia phage CPAR39,ssDNA,unknown,1,Microviridae,Chlamydiamicrovirus
NC_002185,NC_002185,Streptococcus phage 7201,dsDNA,virulent,1,Siphoviridae,Unknown
NC_002194,NC_002194,Chlamydia phage Chp2,ssDNA,unknown,1,Microviridae,Chlamydiamicrovirus
NC_002214,NC_002214,Streptococcus phage Sfi11,dsDNA,virulent,1,Siphoviridae,Unknown
NC_002250,AF227250,Enterobacteriophage KU1,ssRNA,unknown,1,Leviviridae,Levivirus
NC_002321,NC_002321,Staphylococcus prophage PVL,dsDNA,temperate,1,Siphoviridae,Unknown
NC_002362,NC_002362,Vibrio phage VfO3K6,ssDNA,unknown,1,Inoviridae,Inovirus
NC_002363,NC_002363,Vibrio phage VfO4K68,ssDNA,unknown,1,Inoviridae,Inovirus
NC_002371,NC_002371,Enterobacteria phage P22 virus,dsDNA,temperate,1,Podoviridae,P22-like viruses
NC_002484,NC_002484,Pseudomonas phage D3,dsDNA,temperate,1,Siphoviridae,Unknown
NC_002486,NC_002486,Staphylococcus prophage phiPV83,dsDNA,temperate,1,Siphoviridae,Unknown
NC_002515,NC_002515,Mycoplasma phage P1,dsDNA,temperate,1,Podoviridae,Unknown
NC_002519,NC_002519,Roseobacter phage SIO1,dsDNA,virulent,1,Podoviridae,Unknown
NC_002628,NC_002628,Methanothermobacter prophage psiM100,dsDNA,temperate,1,Siphoviridae,Unknown
NC_002643,NC_002643,Bdellovibrio phage phiMH2K,ssDNA,unknown,1,Microviridae,Bdellomicrovirus
NC_002649,NC_002649,Bacillus phage GA-1,dsDNA,virulent,1,Podoviridae,Phi29-like viruses
NC_002656,NC_002656,Mycobacterium phage Bxb1,dsDNA,temperate,1,Siphoviridae,L5-like viruses
NC_002661,NC_002661,Staphylococcus phage phiSLT,dsDNA,temperate,1,Siphoviridae,Unknown
NC_002666,NC_002666,Lactococcus prophage bIL285,dsDNA,temperate,1,Siphoviridae,Unknown
NC_002667,NC_002667,Lactococcus prophage bIL286,dsDNA,temperate,1,Siphoviridae,Unknown
NC_002668,NC_002668,Lactococcus prophage bIL309,dsDNA,temperate,1,Siphoviridae,Unknown
NC_002669,NC_002669,Lactococcus prophage bIL310,dsDNA,temperate,1,Siphoviridae,Unknown
NC_002670,NC_002670,Lactococcus prophage bIL311,dsDNA,temperate,1,Siphoviridae,Unknown
NC_002671,NC_002671,Lactococcus prophage bIL312,dsDNA,temperate,1,Siphoviridae,Unknown
NC_002700,NC_002700,Acinetobacter phage AP205,ssRNA,unknown,1,Leviviridae,Levivirus
NC_002703,NC_002703,Lactococcus phage Tuc2009,dsDNA,temperate,1,Siphoviridae,Unknown
NC_002730,NC_002730,Enterobacteria phage HK620,dsDNA,temperate,1,Podoviridae,P22-like viruses
NC_002747,NC_002747,Lactococcus phage TP901-1,dsDNA,temperate,1,Siphoviridae,Unknown
NC_002796,NC_002796,Lactococcus phage BK5-T,dsDNA,temperate,1,Siphoviridae,Unknown
NC_003050,NC_003050,Streptococcus prophage MM1,dsDNA,temperate,1,Siphoviridae,Unknown
NC_003085,NC_003085,Myxococcus phage Mx8,dsDNA,unknown,0,Podoviridae,Unknown
NC_003157,NC_003157,Temperate phage phiNIH1.1,dsDNA,temperate,1,Siphoviridae,Unknown
NC_003214,NC_003214,Sulfolobus islandicus filamentous virus,dsDNA,temperate,1,Lipothrixviridae,Betalipothrixvirus
NC_003216,NC_003216,Listeria phage A118,dsDNA,temperate,1,Siphoviridae,Unknown
NC_003278,NC_003278,Pseudomonas phage phiCTX,dsDNA,temperate,1,Myoviridae,P2-like viruses
NC_003287,NC_003287,Enterobacteria phage M13,ssDNA,unknown,1,Inoviridae,Inovirus
NC_003288,NC_003288,Staphylococcus phage phiETA,dsDNA,temperate,1,Siphoviridae,Unknown
NC_003291,NC_003291,Bacteriophage PSA,dsDNA,temperate,1,Siphoviridae,Unknown
NC_003298,NC_003298,Enterobacteria phage T3,dsDNA,virulent,1,Podoviridae,T7-like viruses
NC_003299,NC_003299,Pseudomonas phage phi8 segment L,dsRNA,unknown,0,Cystoviridae,Unknown
NC_003300,NC_003300,Pseudomonas phage phi-8 segment M,dsRNA,unknown,0,Cystoviridae,Unknown
NC_003301,NC_003301,Pseudomonas phage phi8 segment S,dsRNA,unknown,0,Cystoviridae,Unknown
NC_003309,NC_003309,Burkholderia phage phiE125,dsDNA,temperate,1,Siphoviridae,Lambda-like viruses
NC_003311,AF452449,Bacteriophage VSKK,ssDNA,unknown,1,Inoviridae,Inovirus
NC_003313,NC_003313,Vibrio phage K139,dsDNA,temperate,1,Myoviridae,Hp1likevirus
NC_003315,NC_003315,Haemophilus phage HP2,dsDNA,temperate,1,Myoviridae,Hp1likevirus
NC_003324,NC_003324,Sinorhizobium phage PBC5,dsDNA,temperate,1,Unknown,Unknown
NC_003327,NC_003327,Vibrio phage VSK,ssDNA,unknown,1,Inoviridae,Inovirus
NC_003345,NC_003345,Halorubrum phage HF2,dsDNA,unknown,0,Unknown,Unknown
NC_003356,NC_003356,Enterobacteria phage phiP27,dsDNA,temperate,1,Myoviridae,Unknown
NC_003387,NC_003387,Mycobacterium phage TM4,dsDNA,unknown,1,Siphoviridae,Unknown
NC_003390,NC_003390,Synechococcus phage P60,dsDNA,virulent,1,Podoviridae,Unknown
NC_003438,NC_003438,Spiroplasma phage 4,ssDNA,unknown,1,Microviridae,Spiromicrovirus
NC_003444,NC_003444,Enterobacteria phage SfV,dsDNA,temperate,1,Myoviridae,Unknown
NC_003460,NC_003460,Propionibacterium phage B5,ssDNA,unknown,0,Inoviridae,Inovirus
NC_003524,NC_003524,Clostridium phage phi3626,dsDNA,temperate,1,Siphoviridae,Unknown
NC_003525,NC_003525,Stx2 converting phage I,dsDNA,temperate,1,Podoviridae,Unknown
NC_003695,BL5GENM,Leuconostoc phage L5,unclassified,unknown,0,Unknown,Unknown
NC_003714,NC_003714,Pseudomonas phage phi-6 segment S,dsRNA,unknown,0,Cystoviridae,Cystovirus
NC_003715,NC_003715,Pseudomonas phage phi-6 segment L,dsRNA,unknown,1,Cystoviridae,Cystovirus
NC_003716,NC_003716,Pseudomonas phage phi-6 segment M,dsRNA,unknown,1,Cystoviridae,Cystovirus
NC_003793,NC_003793,Spiroplasma phage 1-C74,ssDNA,unknown,1,Inoviridae,Plectrovirus
NC_003907,NC_003907,Vibrio phage VpV262,dsDNA,virulent,1,Podoviridae,Unknown
NC_004066,NC_004066,Lactococcus phage ul36,dsDNA,virulent,1,Siphoviridae,Unknown
NC_004084,NC_004084,Natrialba phage PhiCh1,dsDNA,unknown,0,Myoviridae,Unknown
NC_004086,NC_004086,Sulfolobus islandicus rod-shaped virus 2,dsDNA,temperate,1,Rudiviridae,Rudivirus
NC_004087,NC_004087,Sulfolobus islandicus rod-shaped virus 1,dsDNA,temperate,1,Rudiviridae,Rudivirus
NC_004112,NC_004112,Lactobacillus phage A2,dsDNA,temperate,1,Siphoviridae,Unknown
NC_004165,NC_004165,Bacillus phage B103,dsDNA,virulent,1,Podoviridae,Phi29-like viruses
NC_004166,NC_004166,Bacillus phage SPP1,dsDNA,unknown,1,Siphoviridae,Lambda-like viruses
NC_004167,NC_004167,Bacillus phage phi105,dsDNA,temperate,1,Siphoviridae,Lambda-like viruses
NC_004170,NC_004170,Pseudomonas phage phi-13 segment S,dsRNA,unknown,0,Cystoviridae,Unknown
NC_004171,NC_004171,Pseudomonas phage phi-13 segment M,dsRNA,unknown,1,Cystoviridae,Unknown
NC_004172,NC_004172,Pseudomonas phage phi13 segment L,dsRNA,unknown,1,Cystoviridae,Unknown
NC_004173,NC_004173,Pseudomonas phage phi-12 segment L,dsRNA,unknown,0,Cystoviridae,Unknown
NC_004174,NC_004174,Pseudomonas phage phi-12 segment S,dsRNA,unknown,0,Cystoviridae,Unknown
NC_004175,NC_004175,Pseudomonas phage phi-12 segment M,dsRNA,unknown,1,Cystoviridae,Unknown
NC_004301,NC_004301,Enterobacteria phage FI,ssRNA,unknown,1,Leviviridae,Allolevivirus
NC_004302,NC_004302,Lactococcus phage r1t,dsDNA,temperate,1,Siphoviridae,Unknown
NC_004303,NC_004303,Streptococcus phage O1205,dsDNA,temperate,1,Siphoviridae,Unknown
NC_004305,NC_004305,Lactobacillus phage phig1e,dsDNA,temperate,1,Siphoviridae,Unknown
NC_004306,NC_004306,Vibrio phage fs1,ssDNA,unknown,1,Inoviridae,Inovirus
NC_004313,NC_004313,Salmonella phage ST64B,dsDNA,temperate,1,Unknown,Unknown
NC_004333,NC_004333,Burkholderia phage Bcep781,dsDNA,virulent,1,Myoviridae,Bcep781likevirus
NC_004348,NC_004348,Enterobacteria phage ST64T,dsDNA,temperate,1,Podoviridae,P22-like viruses
NC_004456,NC_004456,Vibrio phage VHML,dsDNA,temperate,1,Myoviridae,Unknown
NC_004462,NC_004462,Thermus phage IN93,dsDNA,unknown,0,Unknown,Unknown
NC_004466,NC_004466,Pseudomonas phage PaP3,dsDNA,unknown,0,Podoviridae,LUZ24-like viruses
NC_004584,NC_004584,Streptococcus prophage 315.1,unclassified,temperate,1,Unknown,Unknown
NC_004585,NC_004585,Streptococcus prophage 315.2,unclassified,temperate,1,Unknown,Unknown
NC_004586,NC_004586,Streptococcus pyogenes phage 315.3,unclassified,temperate,1,Unknown,Unknown
NC_004587,NC_004587,Streptococcus prophage 315.4,unclassified,temperate,1,Unknown,Unknown
NC_004588,NC_004588,Streptococcus prophage 315.5,unclassified,temperate,1,Unknown,Unknown
NC_004589,NC_004589,Streptococcus prophage 315.6,unclassified,temperate,1,Unknown,Unknown
NC_004615,NC_004615,Staphylococcus phage 11,dsDNA,temperate,1,Siphoviridae,Unknown
NC_004616,NC_004616,Staphylococcus prophage phi 12,dsDNA,temperate,1,Siphoviridae,Unknown
NC_004617,NC_004617,Staphylococcus prophage phi 13,dsDNA,temperate,1,Siphoviridae,Unknown
NC_004629,NC_004629,Pseudomonas phage phiKZ,dsDNA,virulent,1,Myoviridae,phiKZ-like viruses
NC_004664,NC_004664,Streptomyces phage phiBT1,dsDNA,temperate,1,Siphoviridae,PhiC31-like viruses
NC_004665,NC_004665,Pseudomonas phage gh-1,dsDNA,virulent,1,Podoviridae,T7-like viruses
NC_004678,NC_004678,Staphylococcus phage 44AHJD,dsDNA,virulent,1,Podoviridae,AHJD-like viruses
NC_004679,NC_004679,Staphylococcus phage phiP68,dsDNA,virulent,1,Podoviridae,AHJD-like viruses
NC_004680,NC_004680,Mycobacterium phage Che8,dsDNA,temperate,1,Siphoviridae,Unknown
NC_004681,NC_004681,Mycobacterium phage Cjw1,dsDNA,temperate,1,Siphoviridae,Unknown
NC_004682,NC_004682,Mycobacterium phage Bxz2,dsDNA,temperate,1,Siphoviridae,Unknown
NC_004683,NC_004683,Mycobacterium phage Che9c,dsDNA,temperate,1,Siphoviridae,Unknown
NC_004684,NC_004684,Mycobacterium phage Rosebush,dsDNA,virulent,1,Siphoviridae,Unknown
NC_004685,NC_004685,Mycobacterium phage Corndog,dsDNA,virulent,1,Siphoviridae,Unknown
NC_004686,NC_004686,Mycobacterium phage Che9d,dsDNA,temperate,1,Siphoviridae,Unknown
NC_004687,NC_004687,Mycobacterium phage Bxz1,dsDNA,unknown,0,Myoviridae,I3-like viruses
NC_004688,NC_004688,Mycobacterium phage Omega,dsDNA,temperate,1,Siphoviridae,Unknown
NC_004689,NC_004689,Mycobacterium phage Barnyard,dsDNA,unknown,0,Siphoviridae,Unknown
NC_004735,NC_004735,Rhodothermus phage RM378,dsDNA,unknown,0,Myoviridae,Unknown
NC_004736,NC_004736,Vibrio phage VGJphi,ssDNA,unknown,1,Inoviridae,Inovirus
NC_004740,NC_004740,Staphylococcus prophage phiN315,dsDNA,temperate,1,Siphoviridae,Unknown
NC_004745,NC_004745,Yersinia phage L-413C,dsDNA,unknown,1,Myoviridae,P2-like viruses
NC_004746,NC_004746,Lactococcus phage 4268,dsDNA,virulent,1,Siphoviridae,Unknown
NC_004775,NC_004775,Enterobacteria phage epsilon15,dsDNA,temperate,1,Podoviridae,Epsilon15-like viruses
NC_004777,NC_004777,Yersinia pestis phage phiA1122,dsDNA,virulent,1,Podoviridae,T7-like viruses
NC_004813,NC_004813,Enterobacteria phage BP-4795,dsDNA,temperate,1,Siphoviridae,Lambda-like viruses
NC_004814,NC_004814,Streptococcus phage C1,dsDNA,virulent,1,Podoviridae,AHJD-like viruses
NC_004820,NC_004820,Bacillus prophage phBC6A51,unclassified,temperate,1,Unknown,Unknown
NC_004821,NC_004821,Bacillus prophage phBC6A52,unclassified,temperate,1,Unknown,Unknown
NC_004827,NC_004827,Bacteriophage Aaphi23,dsDNA,temperate,1,Myoviridae,Unknown
NC_004831,NC_004831,Enterobacteria phage SP6,dsDNA,virulent,1,Podoviridae,SP6-like viruses
NC_004902,NC_004902,Xanthomonas phage Xp10,dsDNA,virulent,1,Siphoviridae,Unknown
NC_004913,NC_004913,Stx1 converting phage,dsDNA,temperate,1,Siphoviridae,Lambda-like viruses
NC_004914,NC_004914,Stx2 converting phage II,dsDNA,temperate,1,Siphoviridae,Lambda-like viruses
NC_004928,NC_004928,Enterobacteria phage RB69,dsDNA,virulent,1,Myoviridae,T4-like viruses
NC_004996,NC_004996,Streptococcus phage SM1,dsDNA,temperate,1,Siphoviridae,Unknown
NC_005045,NC_005045,Pseudomonas phage phiKMV,dsDNA,virulent,1,Podoviridae,phiKMV-like viruses
NC_005056,AY135739,Bacteriophage WPhi,dsDNA,temperate,1,Myoviridae,P2-like viruses
NC_005066,NC_005066,Enterobacteria phage RB49,dsDNA,virulent,1,Myoviridae,T4-like viruses
NC_005069,NC_005069,Yersinia phage PY54,dsDNA,temperate,1,Siphoviridae,Unknown
NC_005083,NC_005083,Vibrio phage KVP40,dsDNA,virulent,1,Myoviridae,Schizot4likevirus
NC_005091,NC_005091,Burkholderia phage BcepNazgul,dsDNA,unknown,1,Siphoviridae,Unknown
NC_005131,NC_005131,Ralstonia phage p12J,ssDNA,unknown,0,Inoviridae,Unknown
NC_005135,NC_005135,Aeromonas phage 44RR2.8t,dsDNA,virulent,1,Myoviridae,T4-like viruses
NC_005178,NC_005178,Pseudomonas phage D3112,dsDNA,temperate,1,Siphoviridae,Unknown
NC_005258,NC_005258,Bacillus phage Bam35c,dsDNA,temperate,1,Tectiviridae,Tectivirus
NC_005259,NC_005259,Mycobacterium phage PG1,dsDNA,unknown,1,Siphoviridae,Unknown
NC_005260,NC_005260,Aeromonas phage Aeh1,dsDNA,virulent,1,Myoviridae,T4-like viruses
NC_005262,NC_005262,Burkholderia phage Bcep22,dsDNA,unknown,1,Podoviridae,Unknown
NC_005263,NC_005263,Burkholderia phage Bcep1,dsDNA,virulent,1,Myoviridae,Bcep781likevirus
NC_005265,NC_005265,Sulfolobus virus 2,dsDNA,temperate,1,Fuselloviridae,Fusellovirus
NC_005282,NC_005282,Enterobacteria phage Felix 01,dsDNA,virulent,1,Myoviridae,FelixO1likevirus
NC_005284,NC_005284,Burkholderia phage phi1026b,dsDNA,temperate,1,Siphoviridae,Lambda-like viruses
NC_005294,NC_005294,Streptococcus prophage EJ-1,dsDNA,temperate,1,Myoviridae,Unknown
NC_005340,NC_005340,Enterobacteria phage PsP3,dsDNA,temperate,1,Myoviridae,P2-like viruses
NC_005342,NC_005342,Burkholderia phage Bcep43,dsDNA,virulent,1,Myoviridae,Bcep781likevirus
NC_005344,NC_005344,Enterobacteria phage Sf6,dsDNA,temperate,1,Podoviridae,P22-like viruses
NC_005345,NC_005345,Streptomyces phage VWB,dsDNA,temperate,1,Siphoviridae,Lambda-like viruses
NC_005354,NC_005354,Lactobacillus prophage Lj928,dsDNA,temperate,1,Siphoviridae,Unknown
NC_005355,NC_005355,Lactobacillus prophage Lj965,dsDNA,temperate,1,Siphoviridae,Unknown
NC_005356,NC_005356,Staphylococcus phage 77,dsDNA,temperate,1,Siphoviridae,Unknown
NC_005357,NC_005357,Bordetella phage BPP-1,dsDNA,temperate,1,Podoviridae,Bpp-1-like viruses
NC_005360,NC_005360,Sulfolobus virus Ragged Hills,dsDNA,temperate,1,Fuselloviridae,Fusellovirus
NC_005361,NC_005361,Sulfolobus virus Kamchatka 1,dsDNA,temperate,1,Fuselloviridae,Fusellovirus
NC_005808,NC_005808,Bordetella phage BMP-1,dsDNA,temperate,1,Podoviridae,Bpp-1-like viruses
NC_005809,NC_005809,Bordetella phage BIP-1,dsDNA,temperate,1,Podoviridae,Bpp-1-like viruses
NC_005822,NC_005822,Lactococcus phage phiLC3,dsDNA,temperate,1,Siphoviridae,Unknown
NC_005830,NC_005830,Acidianus filamentous virus 1,dsDNA,temperate,1,Lipothrixviridae,Gammalipothrixvirus
NC_005833,NC_005833,Enterobacteria phage T1,dsDNA,virulent,1,Siphoviridae,T1-like viruses
NC_005841,NC_005841,Enterobacteria phage ST104,dsDNA,temperate,1,Podoviridae,P22-like viruses
NC_005856,NC_005856,Enterobacteria phage P1,dsDNA,unknown,0,Myoviridae,P1-like viruses
NC_005857,NC_005857,Klebsiella phage phiKO2,dsDNA,temperate,1,Siphoviridae,Unknown
NC_005859,NC_005859,Enterobacteria phage T5,dsDNA,virulent,1,Siphoviridae,T5-like viruses
NC_005879,NC_005879,Vibrio phage VP2,dsDNA,temperate,1,Podoviridae,Unknown
NC_005880,NC_005880,Staphylococcus phage K,dsDNA,virulent,1,Myoviridae,Twortlikevirus
NC_005882,NC_005882,Burkholderia phage BcepMu,dsDNA,temperate,1,Myoviridae,Bcepmulikevirus
NC_005884,NC_005884,Pseudomonas phage PaP2,dsDNA,unknown,0,Podoviridae,Unknown
NC_005885,NC_005885,Actinoplanes phage phiAsp2,dsDNA,pseudotemp,1,Siphoviridae,Unknown
NC_005886,NC_005886,Burkholderia phage BcepB1A,dsDNA,virulent,1,Myoviridae,Unknown
NC_005887,NC_005887,Burkholderia phage BcepC6B,dsDNA,temperate,1,Podoviridae,Bpp-1-like viruses
NC_005891,NC_005891,Vibrio phage VP5,dsDNA,temperate,1,Podoviridae,Unknown
NC_005892,NC_005892,Sulfolobus turreted icosahedral virus,dsDNA,unknown,0,Rudiviridae,Rudivirus
NC_005893,NC_005893,Lactobacillus phage phiAT3,dsDNA,temperate,1,Siphoviridae,Unknown
NC_005948,NC_005948,Vibrio phage Vf33,ssDNA,unknown,1,Inoviridae,Inovirus
NC_005949,NC_005949,Vibrio phage Vf12,ssDNA,unknown,1,Inoviridae,Inovirus
NC_005964,NC_005964,Mycoplasma phage phiMFV1,unclassified,temperate,1,Unknown,Unknown
NC_006268,NC_006268,Sulfolobus virus STSV1,dsDNA,unknown,0,Bicaudaviridae,Unknown
NC_006294,NC_006294,Vibrio phage KSF-1phi,ssDNA,unknown,1,Inoviridae,Inovirus
NC_006356,NC_006356,Flavobacterium phage 11b,dsDNA,unknown,1,Siphoviridae,Unknown
NC_006548,NC_006548,Pseudomonas phage B3,dsDNA,temperate,1,Siphoviridae,Unknown
NC_006552,NC_006552,Pseudomonas phage F116,dsDNA,temperate,1,Podoviridae,Unknown
NC_006557,NC_006557,Bacillus phage BCJA1c,dsDNA,temperate,1,Siphoviridae,Unknown
NC_006565,NC_006565,Lactobacillus phage LP65,dsDNA,virulent,1,Myoviridae,Unknown
NC_006820,NC_006820,Synechococcus phage S-PM2,dsDNA,virulent,1,Myoviridae,T4-like viruses
NC_006882,NC_006882,Prochlorococcus phage P-SSP7,dsDNA,temperate,1,Podoviridae,Unknown
NC_006883,NC_006883,Prochlorococcus phage P-SSM2,dsDNA,virulent,1,Myoviridae,T4-like viruses
NC_006884,NC_006884,Prochlorococcus phage P-SSM4,dsDNA,virulent,1,Myoviridae,T4-like viruses
NC_006936,NC_006936,Lactobacillus phage phiJL-1,dsDNA,virulent,1,Siphoviridae,Unknown
NC_006938,NC_006938,Phage phiJL001,dsDNA,temperate,1,Siphoviridae,Unknown
NC_006940,NC_006940,Salmonella phage SS3e,dsDNA,unknown,1,Siphoviridae,Unknown
NC_006945,NC_006945,Bacillus phage GIL16c,dsDNA,temperate,1,Tectiviridae,Tectivirus
NC_006949,NC_006949,Enterobacteria phage ES18,dsDNA,temperate,1,Siphoviridae,Unknown
NC_006953,NC_006953,Listonella phage phiHSIC,dsDNA,unknown,0,Siphoviridae,Unknown
NC_006954,AY751298,Coliphage ID11,ssDNA,unknown,1,Microviridae,Microvirus
NC_007019,NC_007019,Streptococcus phage 2972,dsDNA,virulent,1,Siphoviridae,Unknown
NC_007021,NC_007021,Staphylococcus phage Twort,dsDNA,virulent,1,Myoviridae,Twortlikevirus
NC_007022,NC_007022,Aeromonas phage 31,dsDNA,virulent,1,Myoviridae,T4-like viruses
NC_007023,NC_007023,Enterobacteria phage RB43,dsDNA,virulent,1,Myoviridae,T4-like viruses
NC_007024,NC_007024,Xanthomonas phage Xp15,dsDNA,unknown,1,Unknown,Unknown
NC_007045,NC_007045,Staphylococcus phage PT1028,dsDNA,temperate,1,Unknown,Unknown
NC_007046,NC_007046,Staphylococcus phage 66,dsDNA,virulent,1,Podoviridae,AHJD-like viruses
NC_007047,NC_007047,Staphylococcus phage 187,dsDNA,temperate,1,Siphoviridae,Unknown
NC_007048,NC_007048,Staphylococcus phage 69,dsDNA,temperate,1,Siphoviridae,Unknown
NC_007049,NC_007049,Staphylococcus phage 53,dsDNA,temperate,1,Siphoviridae,Unknown
NC_007050,NC_007050,Staphylococcus phage 85,dsDNA,temperate,1,Siphoviridae,Unknown
NC_007051,NC_007051,Staphylococcus phage 2638A,dsDNA,temperate,1,Siphoviridae,Unknown
NC_007052,NC_007052,Staphylococcus phage 42e,dsDNA,temperate,1,Siphoviridae,Unknown
NC_007053,NC_007053,Staphylococcus phage 3A,dsDNA,temperate,1,Siphoviridae,Unknown
NC_007054,NC_007054,Staphylococcus phage 47,dsDNA,temperate,1,Siphoviridae,Unknown
NC_007055,NC_007055,Staphylococcus phage 37,dsDNA,temperate,1,Siphoviridae,Unknown
NC_007056,NC_007056,Staphylococcus phage EW,dsDNA,temperate,1,Siphoviridae,Unknown
NC_007057,NC_007057,Staphylococcus phage 96,dsDNA,temperate,1,Siphoviridae,Unknown
NC_007058,NC_007058,Staphylococcus phage ROSA,dsDNA,temperate,1,Unknown,Unknown
NC_007059,NC_007059,Staphylococcus phage 71,dsDNA,temperate,1,Siphoviridae,Unknown
NC_007060,NC_007060,Staphylococcus phage 55,dsDNA,temperate,1,Siphoviridae,Unknown
NC_007061,NC_007061,Staphylococcus phage 29,dsDNA,temperate,1,Siphoviridae,Unknown
NC_007062,NC_007062,Staphylococcus phage 52A,dsDNA,temperate,1,Siphoviridae,Unknown
NC_007063,NC_007063,Staphylococcus phage 88,dsDNA,temperate,1,Siphoviridae,Unknown
NC_007064,NC_007064,Staphylococcus phage 92,dsDNA,temperate,1,Siphoviridae,Unknown
NC_007065,NC_007065,Staphylococcus phage X2,dsDNA,temperate,1,Siphoviridae,Unknown
NC_007066,NC_007066,Staphylococcus phage G1,dsDNA,virulent,1,Myoviridae,Twortlikevirus
NC_007145,NC_007145,Burkholderia prophage phi52237,dsDNA,temperate,1,Myoviridae,P2-like viruses
NC_007149,NC_007149,Vibriophage VP4,dsDNA,virulent,1,Podoviridae,T7-like viruses
NC_007189,NC_007189,Stenotrophomonas phage phiSMA9,unclassified,temperate,1,Unknown,Unknown
NC_007217,NC_007217,Haloarcula phage SH1,dsDNA,unknown,0,Unknown,Unknown
NC_007291,NC_007291,Enterobacteria phage JK06,dsDNA,unknown,1,Siphoviridae,Unknown
NC_007449,AY848684,Enterobacteria phage L17,dsDNA,virulent,1,Tectiviridae,Tectivirus
NC_007450,AY848685,Enterobacteria phage PR3,dsDNA,virulent,1,Tectiviridae,Tectivirus
NC_007451,AY848686,Enterobacteria phage PR4,dsDNA,virulent,1,Tectiviridae,Tectivirus
NC_007452,AY848687,Enterobacteria phage PR5,dsDNA,virulent,1,Tectiviridae,Tectivirus
NC_007453,AY848688,Enterobacteria phage PR772,dsDNA,virulent,1,Tectiviridae,Tectivirus
NC_007456,NC_007456,Enterobacteria phage K1F,dsDNA,virulent,1,Podoviridae,T7-like viruses
NC_007457,NC_007457,Bacillus phage Cherry,dsDNA,temperate,1,Siphoviridae,Unknown
NC_007458,NC_007458,Bacillus phage Gamma,dsDNA,temperate,1,Siphoviridae,Unknown
NC_007461,NC_007461,Chlamydia phage 4,ssDNA,unknown,1,Microviridae,Chlamydiamicrovirus
NC_007497,NC_007497,Burkholderia phage Bcep176,dsDNA,unknown,1,Siphoviridae,Unknown
NC_007501,NC_007501,Lactobacillus phage Lc-Nu,dsDNA,virulent,1,Siphoviridae,Unknown
NC_007581,NC_007581,Clostridium phage c-st,dsDNA,temperate,1,Myoviridae,Unknown
NC_007603,NC_007603,Enterobacteria phage RTP,dsDNA,unknown,1,Siphoviridae,T1-like viruses
NC_007610,DQ004855,Listeria bacteriophage P100,dsDNA,virulent,1,Myoviridae,Twortlikevirus
NC_007623,NC_007623,Pseudomonas phage EL,dsDNA,virulent,1,Myoviridae,phiKZ-like viruses
NC_007637,NC_007637,Enterobacteria phage K1E,dsDNA,virulent,1,Podoviridae,SP6-like viruses
NC_007709,NC_007709,Xanthomonas phage OP1,dsDNA,virulent,1,Siphoviridae,Unknown
NC_007710,NC_007710,Xanthomonas phage OP2,dsDNA,virulent,1,Myoviridae,Bcep781likevirus
NC_007734,NC_007734,Bacillus phage WBeta,dsDNA,temperate,1,Siphoviridae,Unknown
NC_008355,NC_008355,Chlamydia phage 3,ssDNA,unknown,1,Microviridae,Chlamydiamicrovirus
